path,label
/home/pcz/DL/ML_DL/public_dataset/Cross-Platform/pcap/india/ios/1mg.pcap,0
/home/pcz/DL/ML_DL/public_dataset/Cross-Platform/pcap/china/ios/58tongcheng.pcap,1
/home/pcz/DL/ML_DL/public_dataset/Cross-Platform/pcap/india/ios/8-ball-pool.pcap,2
/home/pcz/DL/ML_DL/public_dataset/Cross-Platform/pcap/us/ios/Buzzfeed.pcap,3
/home/pcz/DL/ML_DL/public_dataset/Cross-Platform/pcap/india/android/HinKhoj.Dictionary.pcap,4
/home/pcz/DL/ML_DL/public_dataset/Cross-Platform/pcap/india/ios/Snapchat.pcap,5
/home/pcz/DL/ML_DL/public_dataset/Cross-Platform/pcap/india/ios/accuweather-weather-for-life.pcap,6
/home/pcz/DL/ML_DL/public_dataset/Cross-Platform/pcap/china/ios/aibajiaoyou.pcap,7
/home/pcz/DL/ML_DL/public_dataset/Cross-Platform/pcap/china/ios/aiqiyi.pcap,8
/home/pcz/DL/ML_DL/public_dataset/Cross-Platform/pcap/india/ios/amazon.pcap,9
/home/pcz/DL/ML_DL/public_dataset/Cross-Platform/pcap/us/ios/amazon-prime-video.pcap,10
/home/pcz/DL/ML_DL/public_dataset/Cross-Platform/pcap/us/ios/amazon-shopping-made-easy.pcap,11
/home/pcz/DL/ML_DL/public_dataset/Cross-Platform/pcap/us/ios/amc.pcap,12
/home/pcz/DL/ML_DL/public_dataset/Cross-Platform/pcap/china/ios/anjuke.pcap,13
/home/pcz/DL/ML_DL/public_dataset/Cross-Platform/pcap/india/ios/app-locker-app-lock-hide-safe-with-fingerprint.pcap,14
/home/pcz/DL/ML_DL/public_dataset/Cross-Platform/pcap/us/android/appinventor.ai_reflectiveapps.rbxlook.pcap,15
/home/pcz/DL/ML_DL/public_dataset/Cross-Platform/pcap/india/ios/autocar-india-mag.pcap,16
/home/pcz/DL/ML_DL/public_dataset/Cross-Platform/pcap/china/ios/b612kaji.pcap,17
/home/pcz/DL/ML_DL/public_dataset/Cross-Platform/pcap/china/ios/baicizhan.pcap,18
/home/pcz/DL/ML_DL/public_dataset/Cross-Platform/pcap/china/ios/baidulvyou.pcap,19
/home/pcz/DL/ML_DL/public_dataset/Cross-Platform/pcap/china/ios/baidutieba.pcap,20
/home/pcz/DL/ML_DL/public_dataset/Cross-Platform/pcap/china/ios/baiduwenku.pcap,21
/home/pcz/DL/ML_DL/public_dataset/Cross-Platform/pcap/us/ios/bbc-news.pcap,22
/home/pcz/DL/ML_DL/public_dataset/Cross-Platform/pcap/india/ios/bcci.pcap,23
/home/pcz/DL/ML_DL/public_dataset/Cross-Platform/pcap/india/ios/beautyplus-selfie-camera-for-a-beautiful-image.pcap,24
/home/pcz/DL/ML_DL/public_dataset/Cross-Platform/pcap/us/ios/bible.pcap,25
/home/pcz/DL/ML_DL/public_dataset/Cross-Platform/pcap/us/android/bibleverses.bibleverse.bible.biblia.verse.devotion.pcap,26
/home/pcz/DL/ML_DL/public_dataset/Cross-Platform/pcap/china/ios/bilibili.pcap,27
/home/pcz/DL/ML_DL/public_dataset/Cross-Platform/pcap/us/ios/bitmoji.pcap,28
/home/pcz/DL/ML_DL/public_dataset/Cross-Platform/pcap/us/android/br.com.escolhatecnologia.vozdonarrador.pcap,29
/home/pcz/DL/ML_DL/public_dataset/Cross-Platform/pcap/china/android/bubei.tingshu.pcap,30
/home/pcz/DL/ML_DL/public_dataset/Cross-Platform/pcap/india/ios/byjus-the-learning-app.pcap,31
/home/pcz/DL/ML_DL/public_dataset/Cross-Platform/pcap/india/ios/camscanner.pcap,32
/home/pcz/DL/ML_DL/public_dataset/Cross-Platform/pcap/india/ios/club-factory-fair-price.pcap,33
/home/pcz/DL/ML_DL/public_dataset/Cross-Platform/pcap/india/android/club.fromfactory.pcap,34
/home/pcz/DL/ML_DL/public_dataset/Cross-Platform/pcap/china/android/cn.cntvnews.pcap,35
/home/pcz/DL/ML_DL/public_dataset/Cross-Platform/pcap/us/ios/cnn-breaking-us-world-news.pcap,36
/home/pcz/DL/ML_DL/public_dataset/Cross-Platform/pcap/us/android/co.happybits.marcopolo.pcap,37
/home/pcz/DL/ML_DL/public_dataset/Cross-Platform/pcap/us/ios/color-ballz.pcap,38
/home/pcz/DL/ML_DL/public_dataset/Cross-Platform/pcap/us/ios/colorfy-coloring-book.pcap,39
/home/pcz/DL/ML_DL/public_dataset/Cross-Platform/pcap/india/android/com.Dominos.pcap,40
/home/pcz/DL/ML_DL/public_dataset/Cross-Platform/pcap/china/android/com.Qunar.pcap,41
/home/pcz/DL/ML_DL/public_dataset/Cross-Platform/pcap/india/android/com.Splitwise.SplitwiseMobile.pcap,42
/home/pcz/DL/ML_DL/public_dataset/Cross-Platform/pcap/china/android/com.UCMobile.pcap,43
/home/pcz/DL/ML_DL/public_dataset/Cross-Platform/pcap/us/android/com.abtnprojects.ambatana.pcap,44
/home/pcz/DL/ML_DL/public_dataset/Cross-Platform/pcap/china/android/com.achievo.vipshop.pcap,45
/home/pcz/DL/ML_DL/public_dataset/Cross-Platform/pcap/us/android/com.adpmobile.android.pcap,46
/home/pcz/DL/ML_DL/public_dataset/Cross-Platform/pcap/china/android/com.aikan.pcap,47
/home/pcz/DL/ML_DL/public_dataset/Cross-Platform/pcap/india/android/com.akosha.directtalk.pcap,48
/home/pcz/DL/ML_DL/public_dataset/Cross-Platform/pcap/india/android/com.alibaba.aliexpresshd.pcap,49
/home/pcz/DL/ML_DL/public_dataset/Cross-Platform/pcap/india/android/com.alokmandavgane.hinducalendar.pcap,50
/home/pcz/DL/ML_DL/public_dataset/Cross-Platform/pcap/india/android/com.amazon.kindle.pcap,51
/home/pcz/DL/ML_DL/public_dataset/Cross-Platform/pcap/us/android/com.amazon.kindle.pcap,51
/home/pcz/DL/ML_DL/public_dataset/Cross-Platform/pcap/us/android/com.amazon.mShop.android.shopping.pcap,52
/home/pcz/DL/ML_DL/public_dataset/Cross-Platform/pcap/us/android/com.amazon.tahoe.pcap,53
/home/pcz/DL/ML_DL/public_dataset/Cross-Platform/pcap/india/android/com.application.zomato.pcap,54
/home/pcz/DL/ML_DL/public_dataset/Cross-Platform/pcap/india/android/com.appsilo.paheli.pcap,55
/home/pcz/DL/ML_DL/public_dataset/Cross-Platform/pcap/india/android/com.aranoah.healthkart.plus.pcap,56
/home/pcz/DL/ML_DL/public_dataset/Cross-Platform/pcap/us/android/com.audible.application.pcap,57
/home/pcz/DL/ML_DL/public_dataset/Cross-Platform/pcap/china/android/com.autonavi.minimap.pcap,58
/home/pcz/DL/ML_DL/public_dataset/Cross-Platform/pcap/us/android/com.autopten.cheapcarsforsale.pcap,59
/home/pcz/DL/ML_DL/public_dataset/Cross-Platform/pcap/us/android/com.babycenter.pregnancytracker.pcap,60
/home/pcz/DL/ML_DL/public_dataset/Cross-Platform/pcap/china/android/com.baidu.BaiduMap.pcap,61
/home/pcz/DL/ML_DL/public_dataset/Cross-Platform/pcap/china/android/com.baidu.homework.pcap,62
/home/pcz/DL/ML_DL/public_dataset/Cross-Platform/pcap/china/android/com.baidu.wenku.pcap,63
/home/pcz/DL/ML_DL/public_dataset/Cross-Platform/pcap/us/android/com.bodyshape.beautyeditor.pcap,64
/home/pcz/DL/ML_DL/public_dataset/Cross-Platform/pcap/china/android/com.book2345.reader.pcap,65
/home/pcz/DL/ML_DL/public_dataset/Cross-Platform/pcap/india/android/com.bsbportal.music.pcap,66
/home/pcz/DL/ML_DL/public_dataset/Cross-Platform/pcap/india/android/com.bt.bms.pcap,67
/home/pcz/DL/ML_DL/public_dataset/Cross-Platform/pcap/india/android/com.byjus.thelearningapp.pcap,68
/home/pcz/DL/ML_DL/public_dataset/Cross-Platform/pcap/us/android/com.carezone.caredroid.careapp.medications.pcap,69
/home/pcz/DL/ML_DL/public_dataset/Cross-Platform/pcap/us/android/com.carmax.carmax.pcap,70
/home/pcz/DL/ML_DL/public_dataset/Cross-Platform/pcap/india/android/com.carwale.pcap,71
/home/pcz/DL/ML_DL/public_dataset/Cross-Platform/pcap/china/android/com.changba.pcap,72
/home/pcz/DL/ML_DL/public_dataset/Cross-Platform/pcap/us/android/com.colorjoy.Learn.to.draw.glow.c.pcap,73
/home/pcz/DL/ML_DL/public_dataset/Cross-Platform/pcap/us/android/com.colorjoy.learn.to.draw.glow.comics.pcap,74
/home/pcz/DL/ML_DL/public_dataset/Cross-Platform/pcap/us/android/com.contextlogic.wish.pcap,75
/home/pcz/DL/ML_DL/public_dataset/Cross-Platform/pcap/us/android/com.coolniks.niksgps.pcap,76
/home/pcz/DL/ML_DL/public_dataset/Cross-Platform/pcap/china/android/com.coomix.app.bus.pcap,77
/home/pcz/DL/ML_DL/public_dataset/Cross-Platform/pcap/india/android/com.cricbuzz.android.pcap,78
/home/pcz/DL/ML_DL/public_dataset/Cross-Platform/pcap/china/android/com.culiu.qqpurchase.pcap,79
/home/pcz/DL/ML_DL/public_dataset/Cross-Platform/pcap/india/android/com.cuvora.carinfo.pcap,80
/home/pcz/DL/ML_DL/public_dataset/Cross-Platform/pcap/us/android/com.daily.horoscope.plus.pcap,81
/home/pcz/DL/ML_DL/public_dataset/Cross-Platform/pcap/india/android/com.dccomics.comics.pcap,82
/home/pcz/DL/ML_DL/public_dataset/Cross-Platform/pcap/china/android/com.dewmobile.kuaiya.pcap,83
/home/pcz/DL/ML_DL/public_dataset/Cross-Platform/pcap/china/android/com.dianping.v1.pcap,84
/home/pcz/DL/ML_DL/public_dataset/Cross-Platform/pcap/india/android/com.done.faasos.pcap,85
/home/pcz/DL/ML_DL/public_dataset/Cross-Platform/pcap/china/android/com.duomi.android.pcap,86
/home/pcz/DL/ML_DL/public_dataset/Cross-Platform/pcap/china/android/com.duowan.kiwi.pcap,87
/home/pcz/DL/ML_DL/public_dataset/Cross-Platform/pcap/china/android/com.duowan.mobile.pcap,88
/home/pcz/DL/ML_DL/public_dataset/Cross-Platform/pcap/china/android/com.ea.simcitymobile.tx.pcap,89
/home/pcz/DL/ML_DL/public_dataset/Cross-Platform/pcap/china/android/com.esbook.reader.pcap,90
/home/pcz/DL/ML_DL/public_dataset/Cross-Platform/pcap/india/android/com.espn.score_center.pcap,91
/home/pcz/DL/ML_DL/public_dataset/Cross-Platform/pcap/us/android/com.espn.score_center.pcap,91
/home/pcz/DL/ML_DL/public_dataset/Cross-Platform/pcap/china/android/com.fenbi.android.solar.pcap,92
/home/pcz/DL/ML_DL/public_dataset/Cross-Platform/pcap/india/android/com.fitbit.FitbitMobile.pcap,93
/home/pcz/DL/ML_DL/public_dataset/Cross-Platform/pcap/india/android/com.fitness.center.seven.minute.workout.pcap,94
/home/pcz/DL/ML_DL/public_dataset/Cross-Platform/pcap/india/android/com.flipkart.android.pcap,95
/home/pcz/DL/ML_DL/public_dataset/Cross-Platform/pcap/us/android/com.foxsports.videogo.pcap,96
/home/pcz/DL/ML_DL/public_dataset/Cross-Platform/pcap/india/android/com.gaana.pcap,97
/home/pcz/DL/ML_DL/public_dataset/Cross-Platform/pcap/india/android/com.girnarsoft.cardekho.pcap,98
/home/pcz/DL/ML_DL/public_dataset/Cross-Platform/pcap/india/android/com.goibibo.pcap,99
/home/pcz/DL/ML_DL/public_dataset/Cross-Platform/pcap/us/android/com.goodrx.pcap,100
/home/pcz/DL/ML_DL/public_dataset/Cross-Platform/pcap/us/android/com.google.android.apps.primer.pcap,101
/home/pcz/DL/ML_DL/public_dataset/Cross-Platform/pcap/us/android/com.google.android.apps.tachyon.pcap,102
/home/pcz/DL/ML_DL/public_dataset/Cross-Platform/pcap/us/android/com.google.samples.apps.cardboarddemo.pcap,103
/home/pcz/DL/ML_DL/public_dataset/Cross-Platform/pcap/china/android/com.handsgo.jiakao.android.pcap,104
/home/pcz/DL/ML_DL/public_dataset/Cross-Platform/pcap/india/android/com.hangoverstudios.vehicleinfo.pcap,105
/home/pcz/DL/ML_DL/public_dataset/Cross-Platform/pcap/china/android/com.happyelements.AndroidAnimal.qq.pcap,106
/home/pcz/DL/ML_DL/public_dataset/Cross-Platform/pcap/china/android/com.happyelements.AndroidClover.www.pcap,107
/home/pcz/DL/ML_DL/public_dataset/Cross-Platform/pcap/india/android/com.healthifyme.basic.pcap,108
/home/pcz/DL/ML_DL/public_dataset/Cross-Platform/pcap/india/android/com.houzz.app.pcap,109
/home/pcz/DL/ML_DL/public_dataset/Cross-Platform/pcap/china/android/com.hunantv.imgo.activity.pcap,110
/home/pcz/DL/ML_DL/public_dataset/Cross-Platform/pcap/china/android/com.hzfb.racing8.tx.pcap,111
/home/pcz/DL/ML_DL/public_dataset/Cross-Platform/pcap/us/android/com.iconology.comics.pcap,112
/home/pcz/DL/ML_DL/public_dataset/Cross-Platform/pcap/china/android/com.ifeng.fhdt.pcap,113
/home/pcz/DL/ML_DL/public_dataset/Cross-Platform/pcap/china/android/com.ifeng.news2.pcap,114
/home/pcz/DL/ML_DL/public_dataset/Cross-Platform/pcap/china/android/com.iflytek.inputmethod.pcap,115
/home/pcz/DL/ML_DL/public_dataset/Cross-Platform/pcap/china/android/com.immomo.momo.pcap,116
/home/pcz/DL/ML_DL/public_dataset/Cross-Platform/pcap/india/android/com.imo.android.imoim.pcap,117
/home/pcz/DL/ML_DL/public_dataset/Cross-Platform/pcap/us/android/com.indeed.android.jobsearch.pcap,118
/home/pcz/DL/ML_DL/public_dataset/Cross-Platform/pcap/india/android/com.india.foodpanda.android.pcap,119
/home/pcz/DL/ML_DL/public_dataset/Cross-Platform/pcap/india/android/com.indianrail.thinkapps.irctc.pcap,120
/home/pcz/DL/ML_DL/public_dataset/Cross-Platform/pcap/china/android/com.iooly.android.lockscreen.pcap,121
/home/pcz/DL/ML_DL/public_dataset/Cross-Platform/pcap/china/android/com.itings.myradio.pcap,122
/home/pcz/DL/ML_DL/public_dataset/Cross-Platform/pcap/india/android/com.ixigo.pcap,123
/home/pcz/DL/ML_DL/public_dataset/Cross-Platform/pcap/india/android/com.jabong.android.pcap,124
/home/pcz/DL/ML_DL/public_dataset/Cross-Platform/pcap/us/android/com.jardogs.fmhmobile.pcap,125
/home/pcz/DL/ML_DL/public_dataset/Cross-Platform/pcap/us/android/com.jb.go.musicplayer.mp3player.pcap,126
/home/pcz/DL/ML_DL/public_dataset/Cross-Platform/pcap/china/android/com.jifen.qukan.pcap,127
/home/pcz/DL/ML_DL/public_dataset/Cross-Platform/pcap/china/android/com.jingdong.app.mall.pcap,128
/home/pcz/DL/ML_DL/public_dataset/Cross-Platform/pcap/us/android/com.jiubang.fastestflashlight.pcap,129
/home/pcz/DL/ML_DL/public_dataset/Cross-Platform/pcap/us/android/com.jiubang.go.music.pcap,130
/home/pcz/DL/ML_DL/public_dataset/Cross-Platform/pcap/india/android/com.july.cricinfo.pcap,131
/home/pcz/DL/ML_DL/public_dataset/Cross-Platform/pcap/china/android/com.kuaikan.comic.pcap,132
/home/pcz/DL/ML_DL/public_dataset/Cross-Platform/pcap/china/android/com.lanjingren.ivwen.pcap,133
/home/pcz/DL/ML_DL/public_dataset/Cross-Platform/pcap/china/android/com.lazyswipe.pcap,134
/home/pcz/DL/ML_DL/public_dataset/Cross-Platform/pcap/india/android/com.lenovo.anyshare.gps.pcap,135
/home/pcz/DL/ML_DL/public_dataset/Cross-Platform/pcap/china/android/com.letv.android.client.pcap,136
/home/pcz/DL/ML_DL/public_dataset/Cross-Platform/pcap/us/android/com.lucktastic.scratch.pcap,137
/home/pcz/DL/ML_DL/public_dataset/Cross-Platform/pcap/india/android/com.lumoslabs.lumosity.pcap,138
/home/pcz/DL/ML_DL/public_dataset/Cross-Platform/pcap/india/android/com.makemytrip.pcap,139
/home/pcz/DL/ML_DL/public_dataset/Cross-Platform/pcap/us/android/com.match.android.matchmobile.pcap,140
/home/pcz/DL/ML_DL/public_dataset/Cross-Platform/pcap/china/android/com.meitu.meiyancamera.pcap,141
/home/pcz/DL/ML_DL/public_dataset/Cross-Platform/pcap/china/android/com.mfw.roadbook.pcap,142
/home/pcz/DL/ML_DL/public_dataset/Cross-Platform/pcap/india/android/com.mobilemotion.dubsmash.pcap,143
/home/pcz/DL/ML_DL/public_dataset/Cross-Platform/pcap/china/android/com.mogujie.pcap,144
/home/pcz/DL/ML_DL/public_dataset/Cross-Platform/pcap/china/android/com.moji.mjweather.pcap,145
/home/pcz/DL/ML_DL/public_dataset/Cross-Platform/pcap/india/android/com.msm.lhmsappolice.pcap,146
/home/pcz/DL/ML_DL/public_dataset/Cross-Platform/pcap/china/android/com.mt.mtxx.mtxx.pcap,147
/home/pcz/DL/ML_DL/public_dataset/Cross-Platform/pcap/india/android/com.mxtech.ffmpeg.v6_vfp.pcap,148
/home/pcz/DL/ML_DL/public_dataset/Cross-Platform/pcap/india/android/com.mxtech.videoplayer.ad.pcap,149
/home/pcz/DL/ML_DL/public_dataset/Cross-Platform/pcap/india/android/com.narendramodiapp.pcap,150
/home/pcz/DL/ML_DL/public_dataset/Cross-Platform/pcap/us/android/com.naver.linewebtoon.pcap,151
/home/pcz/DL/ML_DL/public_dataset/Cross-Platform/pcap/china/android/com.netease.newsreader.activity.pcap,152
/home/pcz/DL/ML_DL/public_dataset/Cross-Platform/pcap/india/android/com.newsdog.pcap,153
/home/pcz/DL/ML_DL/public_dataset/Cross-Platform/pcap/india/android/com.nexstreaming.app.kinemasterfree.pcap,154
/home/pcz/DL/ML_DL/public_dataset/Cross-Platform/pcap/china/android/com.og.danjiddz.pcap,155
/home/pcz/DL/ML_DL/public_dataset/Cross-Platform/pcap/india/android/com.okcupid.okcupid.pcap,156
/home/pcz/DL/ML_DL/public_dataset/Cross-Platform/pcap/us/android/com.okcupid.okcupid.pcap,156
/home/pcz/DL/ML_DL/public_dataset/Cross-Platform/pcap/india/android/com.olx.southasia.pcap,157
/home/pcz/DL/ML_DL/public_dataset/Cross-Platform/pcap/india/android/com.opera.mini.native.pcap,158
/home/pcz/DL/ML_DL/public_dataset/Cross-Platform/pcap/china/android/com.ophone.reader.ui.pcap,159
/home/pcz/DL/ML_DL/public_dataset/Cross-Platform/pcap/china/android/com.outfit7.mytalkinghank.pcap,160
/home/pcz/DL/ML_DL/public_dataset/Cross-Platform/pcap/india/android/com.outfit7.talkingtom.pcap,161
/home/pcz/DL/ML_DL/public_dataset/Cross-Platform/pcap/india/android/com.palabs.artboard.pcap,162
/home/pcz/DL/ML_DL/public_dataset/Cross-Platform/pcap/us/android/com.pandora.android.pcap,163
/home/pcz/DL/ML_DL/public_dataset/Cross-Platform/pcap/us/android/com.particlenews.newsbreak.pcap,164
/home/pcz/DL/ML_DL/public_dataset/Cross-Platform/pcap/india/android/com.paytmmall.pcap,165
/home/pcz/DL/ML_DL/public_dataset/Cross-Platform/pcap/india/android/com.pinterest.pcap,166
/home/pcz/DL/ML_DL/public_dataset/Cross-Platform/pcap/us/android/com.pinterest.pcap,166
/home/pcz/DL/ML_DL/public_dataset/Cross-Platform/pcap/india/android/com.pl.premierleague.pcap,167
/home/pcz/DL/ML_DL/public_dataset/Cross-Platform/pcap/india/android/com.poker.clubs.wallpapers.cute.anime.girl.pcap,168
/home/pcz/DL/ML_DL/public_dataset/Cross-Platform/pcap/us/android/com.powertools.booster.pcap,169
/home/pcz/DL/ML_DL/public_dataset/Cross-Platform/pcap/india/android/com.practo.fabric.pcap,170
/home/pcz/DL/ML_DL/public_dataset/Cross-Platform/pcap/china/android/com.qidian.QDReader.pcap,171
/home/pcz/DL/ML_DL/public_dataset/Cross-Platform/pcap/china/android/com.qihoo.browser.pcap,172
/home/pcz/DL/ML_DL/public_dataset/Cross-Platform/pcap/china/android/com.qihoo.video.pcap,173
/home/pcz/DL/ML_DL/public_dataset/Cross-Platform/pcap/china/android/com.qiyi.video.pcap,174
/home/pcz/DL/ML_DL/public_dataset/Cross-Platform/pcap/china/android/com.qq.reader.pcap,175
/home/pcz/DL/ML_DL/public_dataset/Cross-Platform/pcap/china/android/com.qzone.pcap,176
/home/pcz/DL/ML_DL/public_dataset/Cross-Platform/pcap/india/android/com.redTools.osb.pcap,177
/home/pcz/DL/ML_DL/public_dataset/Cross-Platform/pcap/us/android/com.reddit.frontpage.pcap,178
/home/pcz/DL/ML_DL/public_dataset/Cross-Platform/pcap/china/android/com.renren.mobile.android.pcap,179
/home/pcz/DL/ML_DL/public_dataset/Cross-Platform/pcap/china/android/com.sankuai.meituan.pcap,180
/home/pcz/DL/ML_DL/public_dataset/Cross-Platform/pcap/india/android/com.sasyabook.runningtrainstatus.pcap,181
/home/pcz/DL/ML_DL/public_dataset/Cross-Platform/pcap/china/android/com.sdu.didi.psnger.pcap,182
/home/pcz/DL/ML_DL/public_dataset/Cross-Platform/pcap/us/android/com.sephora.pcap,183
/home/pcz/DL/ML_DL/public_dataset/Cross-Platform/pcap/us/android/com.seven.fitness.workout.pcap,184
/home/pcz/DL/ML_DL/public_dataset/Cross-Platform/pcap/india/android/com.sharper.yoga.pcap,185
/home/pcz/DL/ML_DL/public_dataset/Cross-Platform/pcap/india/android/com.shopclues.pcap,186
/home/pcz/DL/ML_DL/public_dataset/Cross-Platform/pcap/india/android/com.shopping.limeroad.pcap,187
/home/pcz/DL/ML_DL/public_dataset/Cross-Platform/pcap/china/android/com.shoujiduoduo.ringtone.pcap,188
/home/pcz/DL/ML_DL/public_dataset/Cross-Platform/pcap/china/android/com.shuqi.controller.pcap,189
/home/pcz/DL/ML_DL/public_dataset/Cross-Platform/pcap/china/android/com.sina.news.pcap,190
/home/pcz/DL/ML_DL/public_dataset/Cross-Platform/pcap/china/android/com.sina.weibo.pcap,191
/home/pcz/DL/ML_DL/public_dataset/Cross-Platform/pcap/india/android/com.sixthsolution.weatherwiz.pcap,192
/home/pcz/DL/ML_DL/public_dataset/Cross-Platform/pcap/us/android/com.smartkeyboard.emoji.pcap,193
/home/pcz/DL/ML_DL/public_dataset/Cross-Platform/pcap/india/android/com.snapdeal.main.pcap,194
/home/pcz/DL/ML_DL/public_dataset/Cross-Platform/pcap/china/android/com.sohu.sohuvideo.pcap,195
/home/pcz/DL/ML_DL/public_dataset/Cross-Platform/pcap/us/android/com.spotify.music.pcap,196
/home/pcz/DL/ML_DL/public_dataset/Cross-Platform/pcap/india/android/com.sraoss.dmrc.pcap,197
/home/pcz/DL/ML_DL/public_dataset/Cross-Platform/pcap/us/android/com.ss.android.article.master.pcap,198
/home/pcz/DL/ML_DL/public_dataset/Cross-Platform/pcap/china/android/com.ss.android.article.news.pcap,199
/home/pcz/DL/ML_DL/public_dataset/Cross-Platform/pcap/india/android/com.sss.livewallpaper.pcap,200
/home/pcz/DL/ML_DL/public_dataset/Cross-Platform/pcap/india/android/com.starsports.prokabaddi.pcap,201
/home/pcz/DL/ML_DL/public_dataset/Cross-Platform/pcap/us/android/com.steam.photoeditor.pcap,202
/home/pcz/DL/ML_DL/public_dataset/Cross-Platform/pcap/china/android/com.suning.mobile.ebuy.pcap,203
/home/pcz/DL/ML_DL/public_dataset/Cross-Platform/pcap/china/android/com.szzc.ucar.pilot.pcap,204
/home/pcz/DL/ML_DL/public_dataset/Cross-Platform/pcap/china/android/com.taobao.taobao.pcap,205
/home/pcz/DL/ML_DL/public_dataset/Cross-Platform/pcap/india/android/com.tekoia.sure.activities.pcap,206
/home/pcz/DL/ML_DL/public_dataset/Cross-Platform/pcap/us/android/com.tekoia.sure.activities.pcap,206
/home/pcz/DL/ML_DL/public_dataset/Cross-Platform/pcap/china/android/com.tencent.mobileqq.pcap,207
/home/pcz/DL/ML_DL/public_dataset/Cross-Platform/pcap/china/android/com.tencent.mtt.pcap,208
/home/pcz/DL/ML_DL/public_dataset/Cross-Platform/pcap/china/android/com.tencent.news.pcap,209
/home/pcz/DL/ML_DL/public_dataset/Cross-Platform/pcap/china/android/com.tencent.qqlive.pcap,210
/home/pcz/DL/ML_DL/public_dataset/Cross-Platform/pcap/china/android/com.tencent.qqmusic.pcap,211
/home/pcz/DL/ML_DL/public_dataset/Cross-Platform/pcap/china/android/com.tencent.radio.pcap,212
/home/pcz/DL/ML_DL/public_dataset/Cross-Platform/pcap/china/android/com.tencent.reading.pcap,213
/home/pcz/DL/ML_DL/public_dataset/Cross-Platform/pcap/china/android/com.tencent.tmgp.huluwa.pcap,214
/home/pcz/DL/ML_DL/public_dataset/Cross-Platform/pcap/china/android/com.tencent.tmgp.supercell.clashroyale.pcap,215
/home/pcz/DL/ML_DL/public_dataset/Cross-Platform/pcap/china/android/com.tencent.tmgp.yqqskp.pcap,216
/home/pcz/DL/ML_DL/public_dataset/Cross-Platform/pcap/china/android/com.thestore.main.pcap,217
/home/pcz/DL/ML_DL/public_dataset/Cross-Platform/pcap/china/android/com.tiexue.mobile.topnews.pcap,218
/home/pcz/DL/ML_DL/public_dataset/Cross-Platform/pcap/china/android/com.tieyou.train.ark.pcap,219
/home/pcz/DL/ML_DL/public_dataset/Cross-Platform/pcap/india/android/com.tilzmatictech.mobile.navigation.delhimetronavigator.pcap,220
/home/pcz/DL/ML_DL/public_dataset/Cross-Platform/pcap/india/android/com.timesgroup.magicbricks.pcap,221
/home/pcz/DL/ML_DL/public_dataset/Cross-Platform/pcap/us/android/com.tinder.pcap,222
/home/pcz/DL/ML_DL/public_dataset/Cross-Platform/pcap/china/android/com.tmall.wireless.pcap,223
/home/pcz/DL/ML_DL/public_dataset/Cross-Platform/pcap/india/android/com.toi.reader.activities.pcap,224
/home/pcz/DL/ML_DL/public_dataset/Cross-Platform/pcap/china/android/com.tongcheng.android.pcap,225
/home/pcz/DL/ML_DL/public_dataset/Cross-Platform/pcap/us/android/com.tool.power.pcap,226
/home/pcz/DL/ML_DL/public_dataset/Cross-Platform/pcap/india/android/com.trackview.pcap,227
/home/pcz/DL/ML_DL/public_dataset/Cross-Platform/pcap/us/android/com.trulia.android.pcap,228
/home/pcz/DL/ML_DL/public_dataset/Cross-Platform/pcap/china/android/com.tuniu.app.ui.pcap,229
/home/pcz/DL/ML_DL/public_dataset/Cross-Platform/pcap/us/android/com.ubercab.pcap,230
/home/pcz/DL/ML_DL/public_dataset/Cross-Platform/pcap/india/android/com.ubercab.eats.pcap,231
/home/pcz/DL/ML_DL/public_dataset/Cross-Platform/pcap/india/android/com.uc.browser.en.pcap,232
/home/pcz/DL/ML_DL/public_dataset/Cross-Platform/pcap/us/android/com.ulta.pcap,233
/home/pcz/DL/ML_DL/public_dataset/Cross-Platform/pcap/china/android/com.ushaqi.zhuishushenqi.pcap,234
/home/pcz/DL/ML_DL/public_dataset/Cross-Platform/pcap/india/android/com.voiceMap.navigationTracker.pcap,235
/home/pcz/DL/ML_DL/public_dataset/Cross-Platform/pcap/us/android/com.wSugarMommasDating_4791482.pcap,236
/home/pcz/DL/ML_DL/public_dataset/Cross-Platform/pcap/us/android/com.waze.pcap,237
/home/pcz/DL/ML_DL/public_dataset/Cross-Platform/pcap/india/android/com.winit.starnews.hin.pcap,238
/home/pcz/DL/ML_DL/public_dataset/Cross-Platform/pcap/china/android/com.xiachufang.pcap,239
/home/pcz/DL/ML_DL/public_dataset/Cross-Platform/pcap/china/android/com.ximalaya.ting.android.pcap,240
/home/pcz/DL/ML_DL/public_dataset/Cross-Platform/pcap/us/android/com.xpro.camera.lite.pcap,241
/home/pcz/DL/ML_DL/public_dataset/Cross-Platform/pcap/china/android/com.xunlei.downloadprovider.pcap,242
/home/pcz/DL/ML_DL/public_dataset/Cross-Platform/pcap/china/android/com.xunmeng.pinduoduo.pcap,243
/home/pcz/DL/ML_DL/public_dataset/Cross-Platform/pcap/china/android/com.ygkj.chelaile.standard.pcap,244
/home/pcz/DL/ML_DL/public_dataset/Cross-Platform/pcap/india/android/com.yoga.pro.google.paid.pcap,245
/home/pcz/DL/ML_DL/public_dataset/Cross-Platform/pcap/china/android/com.youdao.dict.pcap,246
/home/pcz/DL/ML_DL/public_dataset/Cross-Platform/pcap/china/android/com.youku.phone.pcap,247
/home/pcz/DL/ML_DL/public_dataset/Cross-Platform/pcap/india/android/com.zalebox.room.painting.ideas.s1.pcap,248
/home/pcz/DL/ML_DL/public_dataset/Cross-Platform/pcap/china/android/com.zhejiangdaily.pcap,249
/home/pcz/DL/ML_DL/public_dataset/Cross-Platform/pcap/china/android/com.zhihu.android.pcap,250
/home/pcz/DL/ML_DL/public_dataset/Cross-Platform/pcap/us/android/com.zillow.android.zillowmap.pcap,251
/home/pcz/DL/ML_DL/public_dataset/Cross-Platform/pcap/china/android/com.zoneyet.gaga.pcap,252
/home/pcz/DL/ML_DL/public_dataset/Cross-Platform/pcap/us/android/com.zoosk.zoosk.pcap,253
/home/pcz/DL/ML_DL/public_dataset/Cross-Platform/pcap/india/ios/cricbuzz-live-cricket-scores-news.pcap,254
/home/pcz/DL/ML_DL/public_dataset/Cross-Platform/pcap/india/android/cris.org.in.prs.ima.pcap,255
/home/pcz/DL/ML_DL/public_dataset/Cross-Platform/pcap/china/android/ctrip.android.view.pcap,256
/home/pcz/DL/ML_DL/public_dataset/Cross-Platform/pcap/india/ios/dailyhunt-formerly-newshunt.pcap,257
/home/pcz/DL/ML_DL/public_dataset/Cross-Platform/pcap/us/ios/dancing-line.pcap,258
/home/pcz/DL/ML_DL/public_dataset/Cross-Platform/pcap/china/ios/dataoshajuedichiji.pcap,259
/home/pcz/DL/ML_DL/public_dataset/Cross-Platform/pcap/us/android/dating.app.chat.flirt.wgbcv.pcap,260
/home/pcz/DL/ML_DL/public_dataset/Cross-Platform/pcap/india/ios/delhi-ncr-metro.pcap,261
/home/pcz/DL/ML_DL/public_dataset/Cross-Platform/pcap/india/android/dev.gautam.bbkiwines.pcap,262
/home/pcz/DL/ML_DL/public_dataset/Cross-Platform/pcap/india/ios/dictionary.pcap,263
/home/pcz/DL/ML_DL/public_dataset/Cross-Platform/pcap/india/ios/dictionary-com-dictionary-thesaurus.pcap,264
/home/pcz/DL/ML_DL/public_dataset/Cross-Platform/pcap/us/ios/dominos-pizza-usa.pcap,265
/home/pcz/DL/ML_DL/public_dataset/Cross-Platform/pcap/china/ios/dongfangtoutiao.pcap,266
/home/pcz/DL/ML_DL/public_dataset/Cross-Platform/pcap/china/ios/douyinduanshipin.pcap,267
/home/pcz/DL/ML_DL/public_dataset/Cross-Platform/pcap/india/ios/dream11-fantasy-sports-cricket-kabaddi-football.pcap,268
/home/pcz/DL/ML_DL/public_dataset/Cross-Platform/pcap/india/ios/dubsmash.pcap,269
/home/pcz/DL/ML_DL/public_dataset/Cross-Platform/pcap/us/ios/dune.pcap,270
/home/pcz/DL/ML_DL/public_dataset/Cross-Platform/pcap/india/ios/duolingo-learn-spanish-french-and-more.pcap,271
/home/pcz/DL/ML_DL/public_dataset/Cross-Platform/pcap/india/android/easypedeometer.herzberg.com.stepcounter.pcap,272
/home/pcz/DL/ML_DL/public_dataset/Cross-Platform/pcap/us/ios/ebay-buy-sell-save-money.pcap,273
/home/pcz/DL/ML_DL/public_dataset/Cross-Platform/pcap/us/android/epic.mychart.android.pcap,274
/home/pcz/DL/ML_DL/public_dataset/Cross-Platform/pcap/us/ios/epocrates-medical-references.pcap,275
/home/pcz/DL/ML_DL/public_dataset/Cross-Platform/pcap/us/ios/espn-live-sports-scores.pcap,276
/home/pcz/DL/ML_DL/public_dataset/Cross-Platform/pcap/india/ios/espncricinfo-cricket.pcap,277
/home/pcz/DL/ML_DL/public_dataset/Cross-Platform/pcap/us/android/fakevideocall.chase.pawpatrol.pcap,278
/home/pcz/DL/ML_DL/public_dataset/Cross-Platform/pcap/us/android/fakevideocall.jojo.siwacall.pcap,279
/home/pcz/DL/ML_DL/public_dataset/Cross-Platform/pcap/china/ios/feifan.pcap,280
/home/pcz/DL/ML_DL/public_dataset/Cross-Platform/pcap/china/ios/feizhu.pcap,281
/home/pcz/DL/ML_DL/public_dataset/Cross-Platform/pcap/china/ios/fenghuangxinwen.pcap,282
/home/pcz/DL/ML_DL/public_dataset/Cross-Platform/pcap/india/ios/filmfare-magazine.pcap,283
/home/pcz/DL/ML_DL/public_dataset/Cross-Platform/pcap/us/ios/fire-rides.pcap,284
/home/pcz/DL/ML_DL/public_dataset/Cross-Platform/pcap/us/ios/fitbit.pcap,285
/home/pcz/DL/ML_DL/public_dataset/Cross-Platform/pcap/india/ios/fitness-for-weight-loss-personalized-workout-plan.pcap,286
/home/pcz/DL/ML_DL/public_dataset/Cross-Platform/pcap/us/ios/flashlight.pcap,287
/home/pcz/DL/ML_DL/public_dataset/Cross-Platform/pcap/us/ios/flipagram.pcap,288
/home/pcz/DL/ML_DL/public_dataset/Cross-Platform/pcap/us/android/fm.castbox.audiobook.radio.podcast.pcap,289
/home/pcz/DL/ML_DL/public_dataset/Cross-Platform/pcap/china/android/fm.qingting.qtradio.pcap,290
/home/pcz/DL/ML_DL/public_dataset/Cross-Platform/pcap/china/android/fm.xiami.main.pcap,291
/home/pcz/DL/ML_DL/public_dataset/Cross-Platform/pcap/us/ios/followmyhealth.pcap,292
/home/pcz/DL/ML_DL/public_dataset/Cross-Platform/pcap/india/ios/forbes-india.pcap,293
/home/pcz/DL/ML_DL/public_dataset/Cross-Platform/pcap/us/ios/fox-news-live-breaking-news.pcap,294
/home/pcz/DL/ML_DL/public_dataset/Cross-Platform/pcap/us/ios/fruit-ninja.pcap,295
/home/pcz/DL/ML_DL/public_dataset/Cross-Platform/pcap/us/ios/gmail-email-by-google.pcap,296
/home/pcz/DL/ML_DL/public_dataset/Cross-Platform/pcap/india/ios/gmail-email-by-google-secure-fast-organised.pcap,297
/home/pcz/DL/ML_DL/public_dataset/Cross-Platform/pcap/india/ios/goibibo.pcap,298
/home/pcz/DL/ML_DL/public_dataset/Cross-Platform/pcap/us/ios/goodrx-save-on-prescriptions.pcap,299
/home/pcz/DL/ML_DL/public_dataset/Cross-Platform/pcap/us/ios/google.pcap,300
/home/pcz/DL/ML_DL/public_dataset/Cross-Platform/pcap/us/ios/google-chrome.pcap,301
/home/pcz/DL/ML_DL/public_dataset/Cross-Platform/pcap/us/ios/google-docs.pcap,302
/home/pcz/DL/ML_DL/public_dataset/Cross-Platform/pcap/us/ios/google-drive.pcap,303
/home/pcz/DL/ML_DL/public_dataset/Cross-Platform/pcap/india/ios/google-drive-secure-online-file-storage.pcap,304
/home/pcz/DL/ML_DL/public_dataset/Cross-Platform/pcap/india/ios/google-duo-simple-video-calling.pcap,305
/home/pcz/DL/ML_DL/public_dataset/Cross-Platform/pcap/us/ios/google-maps-gps-navigation.pcap,306
/home/pcz/DL/ML_DL/public_dataset/Cross-Platform/pcap/india/ios/google-maps-navigation-transport.pcap,307
/home/pcz/DL/ML_DL/public_dataset/Cross-Platform/pcap/us/ios/google-photos.pcap,308
/home/pcz/DL/ML_DL/public_dataset/Cross-Platform/pcap/us/ios/google-play-books.pcap,309
/home/pcz/DL/ML_DL/public_dataset/Cross-Platform/pcap/india/ios/google-translate.pcap,310
/home/pcz/DL/ML_DL/public_dataset/Cross-Platform/pcap/us/ios/google-translate.pcap,310
/home/pcz/DL/ML_DL/public_dataset/Cross-Platform/pcap/india/ios/gps-navigation-be-on-road.pcap,311
/home/pcz/DL/ML_DL/public_dataset/Cross-Platform/pcap/us/ios/groupon.pcap,312
/home/pcz/DL/ML_DL/public_dataset/Cross-Platform/pcap/us/ios/grubhub-food-delivery-takeout.pcap,313
/home/pcz/DL/ML_DL/public_dataset/Cross-Platform/pcap/india/ios/happn-dating-app-find-and-meet-your-crush.pcap,314
/home/pcz/DL/ML_DL/public_dataset/Cross-Platform/pcap/india/ios/hike-messenger.pcap,315
/home/pcz/DL/ML_DL/public_dataset/Cross-Platform/pcap/india/ios/hindi-dictionary-english-hindi-translator.pcap,316
/home/pcz/DL/ML_DL/public_dataset/Cross-Platform/pcap/us/ios/hotspotshield-vpn-wifi-proxy.pcap,317
/home/pcz/DL/ML_DL/public_dataset/Cross-Platform/pcap/india/ios/hotstar.pcap,318
/home/pcz/DL/ML_DL/public_dataset/Cross-Platform/pcap/india/ios/hungama-music-songs-radio-videos.pcap,319
/home/pcz/DL/ML_DL/public_dataset/Cross-Platform/pcap/china/ios/huoshanxiaoshipin.pcap,320
/home/pcz/DL/ML_DL/public_dataset/Cross-Platform/pcap/china/android/im.yixin.pcap,321
/home/pcz/DL/ML_DL/public_dataset/Cross-Platform/pcap/india/android/in.AajTak.headlines.pcap,322
/home/pcz/DL/ML_DL/public_dataset/Cross-Platform/pcap/india/android/in.amazon.mShop.android.shopping.pcap,323
/home/pcz/DL/ML_DL/public_dataset/Cross-Platform/pcap/india/android/in.lucidify.remindme.pcap,324
/home/pcz/DL/ML_DL/public_dataset/Cross-Platform/pcap/india/android/in.redbus.android.pcap,325
/home/pcz/DL/ML_DL/public_dataset/Cross-Platform/pcap/india/ios/india-today.pcap,326
/home/pcz/DL/ML_DL/public_dataset/Cross-Platform/pcap/india/ios/indian-railway-irctc-pnr-status.pcap,327
/home/pcz/DL/ML_DL/public_dataset/Cross-Platform/pcap/india/ios/jabong-online-shopping-for-fashion.pcap,328
/home/pcz/DL/ML_DL/public_dataset/Cross-Platform/pcap/india/ios/jetpack-joyride.pcap,329
/home/pcz/DL/ML_DL/public_dataset/Cross-Platform/pcap/china/ios/jiakaobaodian.pcap,330
/home/pcz/DL/ML_DL/public_dataset/Cross-Platform/pcap/china/ios/jianyujiayuan.pcap,331
/home/pcz/DL/ML_DL/public_dataset/Cross-Platform/pcap/china/ios/jiezoudashi.pcap,332
/home/pcz/DL/ML_DL/public_dataset/Cross-Platform/pcap/china/ios/jingdong.pcap,333
/home/pcz/DL/ML_DL/public_dataset/Cross-Platform/pcap/china/ios/jinritoutiao.pcap,334
/home/pcz/DL/ML_DL/public_dataset/Cross-Platform/pcap/china/ios/kaixinxiaoxiaole.pcap,335
/home/pcz/DL/ML_DL/public_dataset/Cross-Platform/pcap/china/ios/kaolafmdiantai.pcap,336
/home/pcz/DL/ML_DL/public_dataset/Cross-Platform/pcap/india/ios/khan-academy-you-can-learn-anything.pcap,337
/home/pcz/DL/ML_DL/public_dataset/Cross-Platform/pcap/india/ios/kindle-read-ebooks-magazines-textbooks.pcap,338
/home/pcz/DL/ML_DL/public_dataset/Cross-Platform/pcap/china/ios/kuaishou.pcap,339
/home/pcz/DL/ML_DL/public_dataset/Cross-Platform/pcap/china/ios/kugouyinyue.pcap,340
/home/pcz/DL/ML_DL/public_dataset/Cross-Platform/pcap/china/ios/kuwoyinyue.pcap,341
/home/pcz/DL/ML_DL/public_dataset/Cross-Platform/pcap/us/ios/layout-from-instagram.pcap,342
/home/pcz/DL/ML_DL/public_dataset/Cross-Platform/pcap/india/ios/leps-world-free-platformer-games.pcap,343
/home/pcz/DL/ML_DL/public_dataset/Cross-Platform/pcap/us/ios/letgo-buy-sell-secondhand.pcap,344
/home/pcz/DL/ML_DL/public_dataset/Cross-Platform/pcap/india/ios/like-magic-music-video-maker.pcap,345
/home/pcz/DL/ML_DL/public_dataset/Cross-Platform/pcap/us/ios/live-wallpapers-and-themes-now.pcap,346
/home/pcz/DL/ML_DL/public_dataset/Cross-Platform/pcap/us/ios/lose-it-calorie-counter.pcap,347
/home/pcz/DL/ML_DL/public_dataset/Cross-Platform/pcap/india/ios/ludo-king.pcap,348
/home/pcz/DL/ML_DL/public_dataset/Cross-Platform/pcap/china/ios/mafengwoziyouxing.pcap,349
/home/pcz/DL/ML_DL/public_dataset/Cross-Platform/pcap/india/ios/makemytrip-flights-hotels-buses.pcap,350
/home/pcz/DL/ML_DL/public_dataset/Cross-Platform/pcap/china/ios/mangguotv.pcap,351
/home/pcz/DL/ML_DL/public_dataset/Cross-Platform/pcap/us/ios/marco-polo-video-walkie-talkie.pcap,352
/home/pcz/DL/ML_DL/public_dataset/Cross-Platform/pcap/us/ios/mcdonalds.pcap,353
/home/pcz/DL/ML_DL/public_dataset/Cross-Platform/pcap/china/android/me.ht.local.hot.pcap,354
/home/pcz/DL/ML_DL/public_dataset/Cross-Platform/pcap/india/ios/medscape.pcap,355
/home/pcz/DL/ML_DL/public_dataset/Cross-Platform/pcap/us/ios/medscape.pcap,355
/home/pcz/DL/ML_DL/public_dataset/Cross-Platform/pcap/china/ios/meipai.pcap,356
/home/pcz/DL/ML_DL/public_dataset/Cross-Platform/pcap/china/ios/meipian.pcap,357
/home/pcz/DL/ML_DL/public_dataset/Cross-Platform/pcap/china/ios/meituan.pcap,358
/home/pcz/DL/ML_DL/public_dataset/Cross-Platform/pcap/china/ios/meituxiuxiu.pcap,359
/home/pcz/DL/ML_DL/public_dataset/Cross-Platform/pcap/china/ios/meiyanxiangji.pcap,360
/home/pcz/DL/ML_DL/public_dataset/Cross-Platform/pcap/china/ios/menghuanjiayuan.pcap,361
/home/pcz/DL/ML_DL/public_dataset/Cross-Platform/pcap/us/ios/merriam-webster-dictionary.pcap,362
/home/pcz/DL/ML_DL/public_dataset/Cross-Platform/pcap/india/android/mitmdump-arao-droid-2017-10-12-01-53-1507773234-10.101.2.3-8082.pcap,363
/home/pcz/DL/ML_DL/public_dataset/Cross-Platform/pcap/china/android/mitmdump-chris-app-2017-09-13-07-17-1505287023-10.101.2.6-8092.pcap,364
/home/pcz/DL/ML_DL/public_dataset/Cross-Platform/pcap/china/android/mitmdump-chris-app-2017-09-14-06-13-1505369624-10.101.2.6-8092.pcap,365
/home/pcz/DL/ML_DL/public_dataset/Cross-Platform/pcap/china/android/mitmdump-chris-app-2017-09-15-20-59-1505509157-10.101.2.6-8093.pcap,366
/home/pcz/DL/ML_DL/public_dataset/Cross-Platform/pcap/china/android/mitmdump-chris-app-2017-09-15-21-17-1505510278-10.101.2.6-8093.pcap,367
/home/pcz/DL/ML_DL/public_dataset/Cross-Platform/pcap/china/ios/momomomo.pcap,368
/home/pcz/DL/ML_DL/public_dataset/Cross-Platform/pcap/india/ios/musical-ly-your-video-social-network.pcap,369
/home/pcz/DL/ML_DL/public_dataset/Cross-Platform/pcap/india/ios/mx-video-player-hd-video-player-for-iphone-ipad.pcap,370
/home/pcz/DL/ML_DL/public_dataset/Cross-Platform/pcap/india/ios/my-airtel-recharge-pay-bill-payments-bank.pcap,371
/home/pcz/DL/ML_DL/public_dataset/Cross-Platform/pcap/india/ios/my-talking-tom.pcap,372
/home/pcz/DL/ML_DL/public_dataset/Cross-Platform/pcap/us/ios/mychart.pcap,373
/home/pcz/DL/ML_DL/public_dataset/Cross-Platform/pcap/us/ios/myfitnesspal.pcap,374
/home/pcz/DL/ML_DL/public_dataset/Cross-Platform/pcap/us/ios/myradar-weather-radar.pcap,375
/home/pcz/DL/ML_DL/public_dataset/Cross-Platform/pcap/india/ios/narendra-modi.pcap,376
/home/pcz/DL/ML_DL/public_dataset/Cross-Platform/pcap/us/ios/national-geographic-magazine.pcap,377
/home/pcz/DL/ML_DL/public_dataset/Cross-Platform/pcap/india/android/naukriApp.appModules.login.pcap,378
/home/pcz/DL/ML_DL/public_dataset/Cross-Platform/pcap/india/ios/navmii-gps-india-offline-navigation.pcap,379
/home/pcz/DL/ML_DL/public_dataset/Cross-Platform/pcap/india/ios/ndtv.pcap,380
/home/pcz/DL/ML_DL/public_dataset/Cross-Platform/pcap/china/ios/neihanduanzi.pcap,381
/home/pcz/DL/ML_DL/public_dataset/Cross-Platform/pcap/india/android/net.cybrook.trackview.pcap,382
/home/pcz/DL/ML_DL/public_dataset/Cross-Platform/pcap/us/android/net.zedge.android.pcap,383
/home/pcz/DL/ML_DL/public_dataset/Cross-Platform/pcap/india/ios/netmeds-india-ki-pharmacy.pcap,384
/home/pcz/DL/ML_DL/public_dataset/Cross-Platform/pcap/us/ios/newsroom-news-worth-sharing.pcap,385
/home/pcz/DL/ML_DL/public_dataset/Cross-Platform/pcap/us/ios/nfl.pcap,386
/home/pcz/DL/ML_DL/public_dataset/Cross-Platform/pcap/india/ios/nike-run-club.pcap,387
/home/pcz/DL/ML_DL/public_dataset/Cross-Platform/pcap/us/ios/nike-run-club.pcap,387
/home/pcz/DL/ML_DL/public_dataset/Cross-Platform/pcap/india/ios/ola-cabs-book-a-taxi-with-one-touch.pcap,388
/home/pcz/DL/ML_DL/public_dataset/Cross-Platform/pcap/india/ios/olx-buy-sell-near-you.pcap,389
/home/pcz/DL/ML_DL/public_dataset/Cross-Platform/pcap/us/ios/opentable.pcap,390
/home/pcz/DL/ML_DL/public_dataset/Cross-Platform/pcap/india/android/org.khanacademy.android.pcap,391
/home/pcz/DL/ML_DL/public_dataset/Cross-Platform/pcap/india/ios/oxford-english-dictionary-2017.pcap,392
/home/pcz/DL/ML_DL/public_dataset/Cross-Platform/pcap/india/ios/oyo-hotel-booking-app.pcap,393
/home/pcz/DL/ML_DL/public_dataset/Cross-Platform/pcap/us/ios/pandora-music.pcap,394
/home/pcz/DL/ML_DL/public_dataset/Cross-Platform/pcap/us/ios/paypal-send-receive-money.pcap,395
/home/pcz/DL/ML_DL/public_dataset/Cross-Platform/pcap/india/ios/paytm-payments-wallet-recharges.pcap,396
/home/pcz/DL/ML_DL/public_dataset/Cross-Platform/pcap/us/ios/peak-brain-training.pcap,397
/home/pcz/DL/ML_DL/public_dataset/Cross-Platform/pcap/us/ios/people-magazine.pcap,398
/home/pcz/DL/ML_DL/public_dataset/Cross-Platform/pcap/us/ios/perfect365.pcap,399
/home/pcz/DL/ML_DL/public_dataset/Cross-Platform/pcap/india/ios/pharmeasy-healthcare-app.pcap,400
/home/pcz/DL/ML_DL/public_dataset/Cross-Platform/pcap/india/ios/photable-photo-editor-collage-maker.pcap,401
/home/pcz/DL/ML_DL/public_dataset/Cross-Platform/pcap/us/ios/photomath-camera-calculator.pcap,402
/home/pcz/DL/ML_DL/public_dataset/Cross-Platform/pcap/india/ios/picsart-photo-studio-collage-maker-pic-editor.pcap,403
/home/pcz/DL/ML_DL/public_dataset/Cross-Platform/pcap/china/ios/pinduoduo.pcap,404
/home/pcz/DL/ML_DL/public_dataset/Cross-Platform/pcap/india/ios/pinterest.pcap,405
/home/pcz/DL/ML_DL/public_dataset/Cross-Platform/pcap/us/ios/pinterest.pcap,405
/home/pcz/DL/ML_DL/public_dataset/Cross-Platform/pcap/india/android/pl.planmieszkania.android.pcap,406
/home/pcz/DL/ML_DL/public_dataset/Cross-Platform/pcap/us/ios/pocket-pool.pcap,407
/home/pcz/DL/ML_DL/public_dataset/Cross-Platform/pcap/india/ios/practo-your-home-for-health.pcap,408
/home/pcz/DL/ML_DL/public_dataset/Cross-Platform/pcap/us/ios/puzzledom.pcap,409
/home/pcz/DL/ML_DL/public_dataset/Cross-Platform/pcap/china/ios/qiefm.pcap,410
/home/pcz/DL/ML_DL/public_dataset/Cross-Platform/pcap/china/ios/qiongyou.pcap,411
/home/pcz/DL/ML_DL/public_dataset/Cross-Platform/pcap/china/ios/qiuqiudazuozhanbob.pcap,412
/home/pcz/DL/ML_DL/public_dataset/Cross-Platform/pcap/china/ios/qq.pcap,413
/home/pcz/DL/ML_DL/public_dataset/Cross-Platform/pcap/china/ios/qqkongjian.pcap,414
/home/pcz/DL/ML_DL/public_dataset/Cross-Platform/pcap/china/ios/qqliulanqi.pcap,415
/home/pcz/DL/ML_DL/public_dataset/Cross-Platform/pcap/china/ios/qqyouxiang.pcap,416
/home/pcz/DL/ML_DL/public_dataset/Cross-Platform/pcap/china/ios/qqyuedu.pcap,417
/home/pcz/DL/ML_DL/public_dataset/Cross-Platform/pcap/china/ios/quanminkge.pcap,418
/home/pcz/DL/ML_DL/public_dataset/Cross-Platform/pcap/china/ios/qunaerlvxing.pcap,419
/home/pcz/DL/ML_DL/public_dataset/Cross-Platform/pcap/us/ios/recolor-coloring-book.pcap,420
/home/pcz/DL/ML_DL/public_dataset/Cross-Platform/pcap/china/ios/renren.pcap,421
/home/pcz/DL/ML_DL/public_dataset/Cross-Platform/pcap/us/ios/rolly-vortex.pcap,422
/home/pcz/DL/ML_DL/public_dataset/Cross-Platform/pcap/india/ios/saavn-music-radio.pcap,423
/home/pcz/DL/ML_DL/public_dataset/Cross-Platform/pcap/india/ios/sarahah.pcap,424
/home/pcz/DL/ML_DL/public_dataset/Cross-Platform/pcap/us/ios/sarahah.pcap,424
/home/pcz/DL/ML_DL/public_dataset/Cross-Platform/pcap/us/ios/scanner-app-pdf-document-scan.pcap,425
/home/pcz/DL/ML_DL/public_dataset/Cross-Platform/pcap/india/ios/scribd-reading-subscription.pcap,426
/home/pcz/DL/ML_DL/public_dataset/Cross-Platform/pcap/us/ios/secret-apps-the-locker.pcap,427
/home/pcz/DL/ML_DL/public_dataset/Cross-Platform/pcap/india/ios/secret-apps-the-secret-locker-for-photo-video.pcap,428
/home/pcz/DL/ML_DL/public_dataset/Cross-Platform/pcap/india/android/sh.whisper.pcap,429
/home/pcz/DL/ML_DL/public_dataset/Cross-Platform/pcap/india/ios/shareit-connect-transfer.pcap,430
/home/pcz/DL/ML_DL/public_dataset/Cross-Platform/pcap/us/ios/shazam.pcap,431
/home/pcz/DL/ML_DL/public_dataset/Cross-Platform/pcap/india/ios/shein-shopping-womens-clothing-fashion.pcap,432
/home/pcz/DL/ML_DL/public_dataset/Cross-Platform/pcap/china/ios/shuxiangyunjixiaoshuoyuedushucheng.pcap,433
/home/pcz/DL/ML_DL/public_dataset/Cross-Platform/pcap/china/android/sina.mobile.tianqitong.pcap,434
/home/pcz/DL/ML_DL/public_dataset/Cross-Platform/pcap/india/ios/sing-karaoke-by-smule.pcap,435
/home/pcz/DL/ML_DL/public_dataset/Cross-Platform/pcap/us/ios/snake-vs-block.pcap,436
/home/pcz/DL/ML_DL/public_dataset/Cross-Platform/pcap/china/ios/sougoushurufa.pcap,437
/home/pcz/DL/ML_DL/public_dataset/Cross-Platform/pcap/china/ios/souhuxinwen.pcap,438
/home/pcz/DL/ML_DL/public_dataset/Cross-Platform/pcap/us/ios/soundcloud-music-audio.pcap,439
/home/pcz/DL/ML_DL/public_dataset/Cross-Platform/pcap/india/ios/speedtest-by-ookla.pcap,440
/home/pcz/DL/ML_DL/public_dataset/Cross-Platform/pcap/us/ios/spotify-music.pcap,441
/home/pcz/DL/ML_DL/public_dataset/Cross-Platform/pcap/us/ios/starbucks.pcap,442
/home/pcz/DL/ML_DL/public_dataset/Cross-Platform/pcap/india/ios/subway-surfers.pcap,443
/home/pcz/DL/ML_DL/public_dataset/Cross-Platform/pcap/india/ios/swiggy-food-order-delivery.pcap,444
/home/pcz/DL/ML_DL/public_dataset/Cross-Platform/pcap/china/ios/tanchishedazuozhan.pcap,445
/home/pcz/DL/ML_DL/public_dataset/Cross-Platform/pcap/china/ios/taobao.pcap,446
/home/pcz/DL/ML_DL/public_dataset/Cross-Platform/pcap/us/ios/tbh.pcap,447
/home/pcz/DL/ML_DL/public_dataset/Cross-Platform/pcap/us/ios/ted.pcap,448
/home/pcz/DL/ML_DL/public_dataset/Cross-Platform/pcap/china/ios/tengxunshipin.pcap,449
/home/pcz/DL/ML_DL/public_dataset/Cross-Platform/pcap/china/ios/tengxunxinwen.pcap,450
/home/pcz/DL/ML_DL/public_dataset/Cross-Platform/pcap/us/ios/text-free-texting-app-sms.pcap,451
/home/pcz/DL/ML_DL/public_dataset/Cross-Platform/pcap/us/ios/the-new-york-times.pcap,452
/home/pcz/DL/ML_DL/public_dataset/Cross-Platform/pcap/india/ios/the-times-of-india.pcap,453
/home/pcz/DL/ML_DL/public_dataset/Cross-Platform/pcap/us/ios/the-wall-street-journal.pcap,454
/home/pcz/DL/ML_DL/public_dataset/Cross-Platform/pcap/china/ios/tiantianaixiaochu.pcap,455
/home/pcz/DL/ML_DL/public_dataset/Cross-Platform/pcap/china/ios/tiantiankuaibao.pcap,456
/home/pcz/DL/ML_DL/public_dataset/Cross-Platform/pcap/china/ios/tiantiankupao.pcap,457
/home/pcz/DL/ML_DL/public_dataset/Cross-Platform/pcap/india/ios/tinder.pcap,458
/home/pcz/DL/ML_DL/public_dataset/Cross-Platform/pcap/us/ios/tinder.pcap,458
/home/pcz/DL/ML_DL/public_dataset/Cross-Platform/pcap/us/ios/trivia-crack.pcap,459
/home/pcz/DL/ML_DL/public_dataset/Cross-Platform/pcap/india/ios/truecaller-spam-identification-block.pcap,460
/home/pcz/DL/ML_DL/public_dataset/Cross-Platform/pcap/china/ios/tuniulvyou.pcap,461
/home/pcz/DL/ML_DL/public_dataset/Cross-Platform/pcap/india/ios/tuunes-ringtones-music-text-tones-for-iphone.pcap,462
/home/pcz/DL/ML_DL/public_dataset/Cross-Platform/pcap/china/android/tv.danmaku.bili.pcap,463
/home/pcz/DL/ML_DL/public_dataset/Cross-Platform/pcap/india/android/tv.peel.app.pcap,464
/home/pcz/DL/ML_DL/public_dataset/Cross-Platform/pcap/us/android/tv.peel.app.pcap,464
/home/pcz/DL/ML_DL/public_dataset/Cross-Platform/pcap/us/android/tv.telepathic.hooked.pcap,465
/home/pcz/DL/ML_DL/public_dataset/Cross-Platform/pcap/india/ios/twitter.pcap,466
/home/pcz/DL/ML_DL/public_dataset/Cross-Platform/pcap/india/ios/ubereats-food-delivery-fast.pcap,467
/home/pcz/DL/ML_DL/public_dataset/Cross-Platform/pcap/india/ios/uc-browser-fast-browsing-powerful-ad-block.pcap,468
/home/pcz/DL/ML_DL/public_dataset/Cross-Platform/pcap/china/ios/ucliulanqi.pcap,469
/home/pcz/DL/ML_DL/public_dataset/Cross-Platform/pcap/us/ios/usa-today.pcap,470
/home/pcz/DL/ML_DL/public_dataset/Cross-Platform/pcap/india/ios/vivavideo-video-editor-photo-movie-maker.pcap,471
/home/pcz/DL/ML_DL/public_dataset/Cross-Platform/pcap/india/ios/voice-changer-creator-and-player.pcap,472
/home/pcz/DL/ML_DL/public_dataset/Cross-Platform/pcap/india/ios/voot-tv-shows-movies-cartoons.pcap,473
/home/pcz/DL/ML_DL/public_dataset/Cross-Platform/pcap/us/ios/walmart-shopping-and-saving.pcap,474
/home/pcz/DL/ML_DL/public_dataset/Cross-Platform/pcap/china/ios/wangyixinwen.pcap,475
/home/pcz/DL/ML_DL/public_dataset/Cross-Platform/pcap/china/ios/wangyiyunyinyue.pcap,476
/home/pcz/DL/ML_DL/public_dataset/Cross-Platform/pcap/china/ios/wangzherongyao.pcap,477
/home/pcz/DL/ML_DL/public_dataset/Cross-Platform/pcap/india/ios/waze-navigation-live-traffic.pcap,478
/home/pcz/DL/ML_DL/public_dataset/Cross-Platform/pcap/us/ios/waze-navigation-live-traffic.pcap,478
/home/pcz/DL/ML_DL/public_dataset/Cross-Platform/pcap/india/ios/weather-live-weather-forecast-temperature.pcap,479
/home/pcz/DL/ML_DL/public_dataset/Cross-Platform/pcap/india/ios/weather-radar.pcap,480
/home/pcz/DL/ML_DL/public_dataset/Cross-Platform/pcap/china/ios/weibo.pcap,481
/home/pcz/DL/ML_DL/public_dataset/Cross-Platform/pcap/china/ios/wifiwannengyaoshi.pcap,482
/home/pcz/DL/ML_DL/public_dataset/Cross-Platform/pcap/india/ios/wikipedia.pcap,483
/home/pcz/DL/ML_DL/public_dataset/Cross-Platform/pcap/us/ios/wish-shopping-made-fun.pcap,484
/home/pcz/DL/ML_DL/public_dataset/Cross-Platform/pcap/india/ios/wynk-music-hindi-and-english-songs.pcap,485
/home/pcz/DL/ML_DL/public_dataset/Cross-Platform/pcap/india/ios/xender-file-transfer-sharing.pcap,486
/home/pcz/DL/ML_DL/public_dataset/Cross-Platform/pcap/china/ios/xiechenglvxing.pcap,487
/home/pcz/DL/ML_DL/public_dataset/Cross-Platform/pcap/china/ios/xiguashipin.pcap,488
/home/pcz/DL/ML_DL/public_dataset/Cross-Platform/pcap/china/ios/ximalaya.pcap,489
/home/pcz/DL/ML_DL/public_dataset/Cross-Platform/pcap/china/ios/xinlangxinwen.pcap,490
/home/pcz/DL/ML_DL/public_dataset/Cross-Platform/pcap/china/ios/xiongmaokanshu.pcap,491
/home/pcz/DL/ML_DL/public_dataset/Cross-Platform/pcap/india/ios/yahoo-weather.pcap,492
/home/pcz/DL/ML_DL/public_dataset/Cross-Platform/pcap/us/ios/yarn-chat-text-stories.pcap,493
/home/pcz/DL/ML_DL/public_dataset/Cross-Platform/pcap/us/ios/yelp-discover-local-favorites.pcap,494
/home/pcz/DL/ML_DL/public_dataset/Cross-Platform/pcap/china/ios/yidianzixun.pcap,495
/home/pcz/DL/ML_DL/public_dataset/Cross-Platform/pcap/china/ios/yilonglvxing.pcap,496
/home/pcz/DL/ML_DL/public_dataset/Cross-Platform/pcap/china/ios/yisouxiaoshuo.pcap,497
/home/pcz/DL/ML_DL/public_dataset/Cross-Platform/pcap/china/ios/youku.pcap,498
/home/pcz/DL/ML_DL/public_dataset/Cross-Platform/pcap/us/ios/youtube-watch-listen-stream.pcap,499
/home/pcz/DL/ML_DL/public_dataset/Cross-Platform/pcap/china/ios/yy.pcap,500
/home/pcz/DL/ML_DL/public_dataset/Cross-Platform/pcap/china/ios/zaker.pcap,501
/home/pcz/DL/ML_DL/public_dataset/Cross-Platform/pcap/china/ios/zhangyue.pcap,502
/home/pcz/DL/ML_DL/public_dataset/Cross-Platform/pcap/china/ios/zhihu.pcap,503
/home/pcz/DL/ML_DL/public_dataset/Cross-Platform/pcap/china/ios/zhixinghuochepiao.pcap,504
/home/pcz/DL/ML_DL/public_dataset/Cross-Platform/pcap/us/ios/zillow-real-estate-rentals.pcap,505
/home/pcz/DL/ML_DL/public_dataset/Cross-Platform/pcap/china/ios/zuoyebang.pcap,506
